-- MySQL dump 10.13  Distrib 5.5.40, for debian-linux-gnu (x86_64)
--
-- Host: localhost    Database: mitctf2014
-- ------------------------------------------------------
-- Server version	5.5.40-0+wheezy1

/*!40101 SET @OLD_CHARACTER_SET_CLIENT=@@CHARACTER_SET_CLIENT */;
/*!40101 SET @OLD_CHARACTER_SET_RESULTS=@@CHARACTER_SET_RESULTS */;
/*!40101 SET @OLD_COLLATION_CONNECTION=@@COLLATION_CONNECTION */;
/*!40101 SET NAMES utf8 */;
/*!40103 SET @OLD_TIME_ZONE=@@TIME_ZONE */;
/*!40103 SET TIME_ZONE='+00:00' */;
/*!40014 SET @OLD_UNIQUE_CHECKS=@@UNIQUE_CHECKS, UNIQUE_CHECKS=0 */;
/*!40014 SET @OLD_FOREIGN_KEY_CHECKS=@@FOREIGN_KEY_CHECKS, FOREIGN_KEY_CHECKS=0 */;
/*!40101 SET @OLD_SQL_MODE=@@SQL_MODE, SQL_MODE='NO_AUTO_VALUE_ON_ZERO' */;
/*!40111 SET @OLD_SQL_NOTES=@@SQL_NOTES, SQL_NOTES=0 */;

--
-- Table structure for table `services`
--

DROP TABLE IF EXISTS `services`;
/*!40101 SET @saved_cs_client     = @@character_set_client */;
/*!40101 SET character_set_client = utf8 */;
CREATE TABLE `services` (
  `id` int(11) NOT NULL AUTO_INCREMENT,
  `name` varchar(256) DEFAULT NULL,
  `flag` varchar(256) DEFAULT NULL,
  `points` int(11) DEFAULT NULL,
  PRIMARY KEY (`id`),
  UNIQUE KEY `name` (`name`),
  UNIQUE KEY `flag` (`flag`)
) ENGINE=InnoDB AUTO_INCREMENT=30 DEFAULT CHARSET=latin1;
/*!40101 SET character_set_client = @saved_cs_client */;

--
-- Dumping data for table `services`
--

LOCK TABLES `services` WRITE;
/*!40000 ALTER TABLE `services` DISABLE KEYS */;
INSERT INTO `services` VALUES (1,'Neptune Over The Sea','fortunatelytherewasanexploit',300),(2,'Beaten to Mars','beginwiththebeatofthesystem',300),(3,'Ancient Functions','assemblyseemssimple',300),(4,'Lost in Centauri','waysarebetterthan',200),(5,'Listening In','tcptrailsarebetterthancookies',100),(6,'Star Noise','therebestringsinthisbinary',100),(7,'Asteroid Mining','onlythefirstexploitworks',100),(8,'Space Cinema','extradatarevealsnothing',200),(9,'Rolling Keys','alwaysrollyourowncrypto',200),(10,'Combo Breaker','carefulrotationresultsinwords',200),(11,'Stuck in Space','sealsseemuseless',200),(12,'Eldritch Scientist','sorteddataorsunshinebeaches',100),(13,'Space Contacts','injectionsaregreatvaccines',100),(14,'Exposed to Attackers','mapsmayprovideanswers',200),(15,'Jupiter Tamper','timbertampertemper',200),(16,'Awesome Images','smalldiffsunderlightprovidedata',100),(17,'Pinned to the Table','reallyfarpinsarethemostimportant',200),(18,'One Pad To Rule Them All','onlyuseflagonce',200),(19,'Distant Communications','isasrandomasseconds',200),(20,'Remotely Executable Probes','evalisevilevenwithsandboxes',200),(21,'Secretly Constrained','constraintsfromothercoreissolved',100),(22,'Pluto Squares','letsjustallusecarrierpigeons',200),(23,'Esoteric Dumps','hereissomethingbetterthanxs',300),(24,'Pretty Global Privacy','enigmaisquiteanenigmalikekryptos',300),(25,'Sedna Caught','gooddatahasnocomments',300),(26,'Bonus Site Alpha','bsabs',10),(27,'Bonus Site Gamma','bsgbs',10),(28,'Bonus Site Omega','bsobs',10),(29,'Really...','notaflag',0);
/*!40000 ALTER TABLE `services` ENABLE KEYS */;
UNLOCK TABLES;

--
-- Table structure for table `submissions`
--

DROP TABLE IF EXISTS `submissions`;
/*!40101 SET @saved_cs_client     = @@character_set_client */;
/*!40101 SET character_set_client = utf8 */;
CREATE TABLE `submissions` (
  `id` int(11) NOT NULL AUTO_INCREMENT,
  `timestamp` datetime DEFAULT NULL,
  `team_id` int(11) DEFAULT NULL,
  `flag` varchar(256) DEFAULT NULL,
  `service_id` int(11) DEFAULT NULL,
  PRIMARY KEY (`id`)
) ENGINE=InnoDB AUTO_INCREMENT=364 DEFAULT CHARSET=latin1;
/*!40101 SET character_set_client = @saved_cs_client */;

--
-- Dumping data for table `submissions`
--

LOCK TABLES `submissions` WRITE;
/*!40000 ALTER TABLE `submissions` DISABLE KEYS */;
INSERT INTO `submissions` VALUES (2,'2014-11-22 17:45:58',6,'tcptrailsarebetterthancookies',5),(3,'2014-11-22 17:46:56',17,'evalisevilevenwtihsandboxes',NULL),(4,'2014-11-22 17:47:13',17,'evali',NULL),(5,'2014-11-22 17:47:30',17,'evalisevilevenwithsandboxes',20),(6,'2014-11-22 17:49:13',26,'tcptrrailsarebetterthan',NULL),(7,'2014-11-22 17:50:40',25,'onlythefirstexploitworks',7),(8,'2014-11-22 17:52:11',26,'tcptrailsarebetterthancookies',5),(9,'2014-11-22 17:52:38',20,'suhh',NULL),(10,'2014-11-22 17:53:08',20,'',NULL),(11,'2014-11-22 17:55:19',25,'',NULL),(12,'2014-11-22 17:55:59',25,'therebestringsinthisbinary',6),(13,'2014-11-22 17:57:07',17,'onlythefirstexploitworks',7),(14,'2014-11-22 17:59:10',25,'trailsarebetterthancookies',NULL),(15,'2014-11-22 17:59:36',17,'theflag',NULL),(16,'2014-11-22 17:59:46',17,'flag',NULL),(17,'2014-11-22 18:00:42',8,'smalldiffsundde',NULL),(18,'2014-11-22 18:01:30',8,'smalldiffsunderlightprovidedata',16),(19,'2014-11-22 18:04:56',5,'therebestringsinthisbinary',6),(20,'2014-11-22 18:05:36',25,'tcptrailsarebetterthancookies',5),(21,'2014-11-22 18:11:36',14,'therebestringsinthisbinary',6),(22,'2014-11-22 18:12:32',25,'evalisevilevenwithsandboxes',20),(23,'2014-11-22 18:14:04',24,'smalldiffsunderlightprovidedata',16),(24,'2014-11-22 18:18:20',15,'onlythefirstexploitworks',7),(25,'2014-11-22 18:23:02',2,'evalisevilevenwithsandboxes',20),(26,'2014-11-22 18:25:05',21,'onlythefirstexploitworks',7),(27,'2014-11-22 18:26:46',26,'theflagisgood',NULL),(28,'2014-11-22 18:28:37',26,'therebestringsinthisbinary',6),(29,'2014-11-22 18:38:03',26,'g',NULL),(30,'2014-11-22 18:38:19',26,'go',NULL),(31,'2014-11-22 18:38:57',20,'locationsouthofnewzealand',NULL),(32,'2014-11-22 18:39:35',26,'goodistheflag',NULL),(33,'2014-11-22 18:44:19',5,'evalisevilevenwithsandboxes',20),(34,'2014-11-22 18:51:08',2,'constraintsfromothercoreissolved',21),(35,'2014-11-22 18:53:02',15,'smalldiffsunderlightprovidedata',16),(36,'2014-11-22 19:00:10',17,'injectionsaregreatvaccines',13),(37,'2014-11-22 19:14:44',19,'tcptrailsarebetterthancookies',5),(38,'2014-11-22 19:20:40',2,'therebestringsinthisbinary',6),(39,'2014-11-22 19:21:48',8,'constraintsfromothercoreissolved',21),(40,'2014-11-22 19:27:18',9,'',NULL),(41,'2014-11-22 19:27:41',9,'tcptrailsarebv',NULL),(42,'2014-11-22 19:28:02',9,'tcptrailsarebetterthancookies',5),(43,'2014-11-22 19:30:35',20,'small',NULL),(44,'2014-11-22 19:31:08',20,'smalldiffsunderlightprovidedaata',NULL),(45,'2014-11-22 19:31:56',20,'smalldiffsunderlightprovidedata',16),(46,'2014-11-22 19:32:18',25,'good',NULL),(47,'2014-11-22 19:32:37',25,'goodistheflag',NULL),(48,'2014-11-22 19:34:08',25,'isasrandomasseconds',19),(49,'2014-11-22 19:38:48',2,'smalldiffsunderlightprovidedata',16),(50,'2014-11-22 19:41:59',6,'evalisevilevenwithsandboxes',20),(51,'2014-11-22 19:43:42',5,'tcptrailsarebetterthancookies',5),(52,'2014-11-22 19:45:30',2,'tcptrailsarebetterthancookies',5),(53,'2014-11-22 19:47:04',15,'tcptrailsarebetterthancookies',5),(54,'2014-11-22 19:48:25',13,'listeningin',NULL),(55,'2014-11-22 19:49:31',13,'tcptrailsarebetterthancookies',5),(56,'2014-11-22 19:52:15',18,'tcptrailsarebetterthancookies',5),(57,'2014-11-22 19:57:32',20,'sorteddataorsunshinebeaches',12),(58,'2014-11-22 19:58:19',25,'extradatarevealsnothing',8),(59,'2014-11-22 19:59:34',6,'theflag',NULL),(60,'2014-11-22 20:02:23',18,'onlythefirstexploitworks',7),(61,'2014-11-22 20:04:54',23,'reallyfourpinsarethemostimportant',NULL),(62,'2014-11-22 20:05:41',23,'reallyfarpinsarethemostimportant',17),(63,'2014-11-22 20:17:31',17,'theflagisgood',NULL),(64,'2014-11-22 20:18:00',17,'goodistheflag',NULL),(65,'2014-11-22 20:19:04',2,'timbertampertemper',15),(66,'2014-11-22 20:19:40',18,'therebestringsinthisbinary',6),(67,'2014-11-22 20:20:35',11,'tcptrailsarebetterthancookies',5),(68,'2014-11-22 20:23:58',12,'extradatarevealsnothing',8),(69,'2014-11-22 20:27:09',21,'reallyfarpinsarethemostimportant',17),(70,'2014-11-22 20:27:43',2,'sealsseemuseless',11),(71,'2014-11-22 20:28:35',26,'reallyfourpinsarethemostimportant',NULL),(72,'2014-11-22 20:29:39',26,'timbertampertemper',15),(73,'2014-11-22 20:33:40',5,'smalldiffsunderlightprovidedata',16),(74,'2014-11-22 20:34:28',26,'sealsseemuseless',11),(75,'2014-11-22 20:35:25',11,'evalisevilevenwithsandboxes',20),(76,'2014-11-22 20:36:36',19,'timbertampertemper',15),(77,'2014-11-22 20:37:16',26,'onlythefirstexploitworks',7),(78,'2014-11-22 20:38:20',19,'reallyfarpinsarethemostimportant',17),(79,'2014-11-22 20:39:17',20,'therebestringsinthisbinary',6),(80,'2014-11-22 20:39:57',20,'reallyfourpinsarethemostimportant',NULL),(81,'2014-11-22 20:41:09',5,'reallyfarpinsarethemostimportant',17),(82,'2014-11-22 20:41:44',20,'reallyfarpinsarethemostimportant',17),(83,'2014-11-22 20:43:24',21,'sealsseemuseless',11),(84,'2014-11-22 20:44:13',21,'mayprovideanswers',NULL),(85,'2014-11-22 20:45:19',18,'sealsseemuseless',11),(86,'2014-11-22 20:51:36',21,'mapsmayprovideanswers',14),(87,'2014-11-22 20:52:11',14,'constr',NULL),(88,'2014-11-22 20:52:40',14,'constraintsfromother',NULL),(89,'2014-11-22 20:56:28',14,'constraintsfromothercoreissolved',21),(90,'2014-11-22 20:57:39',20,'sealsseemuseless',11),(91,'2014-11-22 20:58:16',18,'reallyfarpinsarethemostimportant',17),(92,'2014-11-22 20:58:34',18,'timbertampertemper',15),(93,'2014-11-22 20:59:15',17,'tcptrailsarebetterthancookies',5),(94,'2014-11-22 20:59:55',1,'evalisevilevenwithsandboxes',20),(95,'2014-11-22 21:02:54',19,'sealsseemuseless',11),(96,'2014-11-22 21:03:33',20,'sealssemm',NULL),(97,'2014-11-22 21:06:22',17,'letsjustallusecarrierpigeons',22),(98,'2014-11-22 21:06:51',17,'reallyfourpinsarethemostimportant',NULL),(99,'2014-11-22 21:07:26',17,'reallyfarpinsarethemostimportant',17),(100,'2014-11-22 21:07:59',19,'therebestringsinthisbinary',6),(101,'2014-11-22 21:08:09',19,'',NULL),(102,'2014-11-22 21:09:00',6,'sealseemuseless',NULL),(103,'2014-11-22 21:09:48',6,'sealsseemuseless',11),(104,'2014-11-22 21:10:43',6,'timbertampertemper',15),(105,'2014-11-22 21:11:55',21,'timbertampertemper',15),(106,'2014-11-22 21:13:03',20,'timbertampertemper',15),(107,'2014-11-22 21:15:13',27,'tcptrailsarebetterthancookies',5),(108,'2014-11-22 21:16:09',26,'mapsma',NULL),(109,'2014-11-22 21:16:34',26,'mapsmayprovideanswers',14),(110,'2014-11-22 21:17:47',13,'therebestringsinthisbinary',6),(111,'2014-11-22 21:18:39',12,'therbestringsinthisbinary',NULL),(112,'2014-11-22 21:19:24',12,'therebestringsinthisbinary',6),(113,'2014-11-22 21:20:01',15,'sealsseemuseless',11),(114,'2014-11-22 21:20:25',15,'waysarebetterthan',4),(115,'2014-11-22 21:21:01',15,'arebetterthan',NULL),(116,'2014-11-22 21:21:46',25,'injectionsaregreatvaccines',13),(117,'2014-11-22 21:31:12',2,'waysarebetterthan',4),(118,'2014-11-22 21:40:18',2,'foo',NULL),(119,'2014-11-22 21:40:40',2,'reallyfarpinsarethemostimportant',17),(120,'2014-11-22 21:41:32',15,'evalisevilevenwithsandboxes',20),(121,'2014-11-22 21:47:10',18,'constraintsfromothercoreissolved',21),(122,'2014-11-22 21:51:24',9,'alwaysrollyourowncrypto',9),(123,'2014-11-22 21:52:46',15,'reallyfourpinsarethemostimportant',NULL),(124,'2014-11-22 21:54:57',15,'reallyfarpinsarethemostimportant',17),(125,'2014-11-22 21:55:52',25,'letsjustallusecarrierpigeons',22),(126,'2014-11-22 22:00:41',11,'waysarebetterthan',4),(127,'2014-11-22 22:02:29',12,'thelightsidegoodnightstars',NULL),(128,'2014-11-22 22:02:52',12,'',NULL),(129,'2014-11-22 22:05:11',1,'tcptrailarebetterthancookies',NULL),(130,'2014-11-22 22:06:05',1,'tcptrailsarebetterthancookies',5),(131,'2014-11-22 22:09:41',15,'constraintsfromothercoreissolved',21),(132,'2014-11-22 22:10:42',20,'constraintsfromothercoreissolved',21),(133,'2014-11-22 22:11:33',26,'constraintsfromothercoreissolved',21),(134,'2014-11-22 22:12:25',14,'evalisevilevenwithsandboxes',20),(135,'2014-11-22 22:13:05',18,'mayprovideanswers',NULL),(136,'2014-11-22 22:15:11',6,'constrainsfromthecore',NULL),(137,'2014-11-22 22:15:49',6,'constraintsfromthecore',NULL),(138,'2014-11-22 22:16:18',25,'mapsmayprovideanswers',14),(139,'2014-11-22 22:17:21',12,'tcptrailsarebetterthancookies',5),(140,'2014-11-22 22:18:15',18,'mapsmayprovideanswers',14),(141,'2014-11-22 22:20:58',6,'alwaysrollyourowncrypto',9),(142,'2014-11-22 22:22:03',17,'smalldiffsunderlightprovidedata',16),(143,'2014-11-22 22:28:39',5,'constraintsfromothercoreissolved',21),(144,'2014-11-22 22:29:25',6,'reallyfourpinsarethemostimportant',NULL),(145,'2014-11-22 22:31:44',6,'reallyfarpinsarethemostimportant',17),(146,'2014-11-22 22:34:51',17,'sealsseemuseless',11),(147,'2014-11-22 22:44:48',6,'constrainsfromothercoresisolved',NULL),(148,'2014-11-22 22:45:34',6,'comstraintsfromothercoresisolved',NULL),(149,'2014-11-22 22:46:27',6,'constraintsfromothercoresaresolved',NULL),(150,'2014-11-22 22:47:13',6,'constraintsfromothercoresissolved',NULL),(151,'2014-11-22 22:47:48',6,'constraintsfromothercoreissolved',21),(152,'2014-11-22 22:53:07',15,'sorteddataorsunshinebeaches',12),(153,'2014-11-22 22:54:49',16,'reallyfourpinsarethemostimportant',NULL),(154,'2014-11-22 22:56:04',17,'waysarebetter',NULL),(155,'2014-11-22 22:56:30',17,'waysarebetterthan',4),(156,'2014-11-22 22:57:35',16,'reallyfourpinsaremostimportant',NULL),(157,'2014-11-22 23:02:24',18,'evalisevilevenwithsandbox',NULL),(158,'2014-11-22 23:02:53',18,'evalisevilevenwithsandboxes',20),(159,'2014-11-22 23:08:48',5,'onlythefirstexploitworks',7),(160,'2014-11-22 23:09:29',17,'timbertampertemper',15),(161,'2014-11-22 23:10:13',16,'reallyfarpinsarethemostimportant',17),(162,'2014-11-22 23:13:41',21,'letsjustusecarrierp',NULL),(163,'2014-11-22 23:15:02',21,'letsjustallusecarrierpigeons',22),(164,'2014-11-22 23:17:05',26,'waysarebetterthan',4),(165,'2014-11-22 23:19:09',13,'reallyfarpinsarethemostimportant',17),(166,'2014-11-22 23:21:59',21,'therebestrings',NULL),(167,'2014-11-22 23:22:24',21,'therebestringsinthisbinary',6),(168,'2014-11-22 23:23:10',26,'evalisevilevenwithsandboxes',20),(169,'2014-11-22 23:23:44',2,'',NULL),(170,'2014-11-22 23:24:10',2,'enigmaisquiteanenigmalikekryptos',24),(171,'2014-11-22 23:25:01',5,'letsjustallusecarrierpigeons',22),(172,'2014-11-22 23:25:36',15,'timbertampertemper',15),(173,'2014-11-22 23:30:42',16,'timbertampertemper',15),(174,'2014-11-22 23:39:16',6,'',NULL),(175,'2014-11-22 23:40:29',6,'waysarebetterthan',4),(176,'2014-11-22 23:43:26',9,'extradatarevealsnothing',8),(177,'2014-11-22 23:44:51',20,'waysarebetterthan',4),(178,'2014-11-22 23:46:00',25,'constraintsfromothercoreissolved',21),(179,'2014-11-22 23:48:47',24,'reallyfarpinsarethemostimportant',17),(180,'2014-11-22 23:51:58',16,'therebestringsinthisbinary',6),(181,'2014-11-22 23:57:38',25,'sorteddataorsunshinebeaches',12),(182,'2014-11-23 00:01:52',20,'tcptrailsarebetterthancookies',5),(183,'2014-11-23 00:03:30',11,'smalldiffsunderlightprovidedata',16),(184,'2014-11-23 00:04:39',11,'onlythefirstexploitworks',7),(185,'2014-11-23 00:05:36',11,'constraintsfromothercoreissolved',21),(186,'2014-11-23 00:06:20',25,'beginwiththebeatofthesystem',2),(187,'2014-11-23 00:07:38',23,'sealsseemuseless',11),(188,'2014-11-23 00:17:42',12,'nesmallgoodnightstarthelightside',NULL),(189,'2014-11-23 00:18:28',12,'goodnightstarsthelightside',NULL),(190,'2014-11-23 00:22:41',27,'reallyfarpunsarethemostimportant',NULL),(191,'2014-11-23 00:23:20',27,'reallyfarpinsarethemostimportant',17),(192,'2014-11-23 00:24:00',17,'mapmayprovideanswer',NULL),(193,'2014-11-23 00:24:22',17,'mapmayprovideananswer',NULL),(194,'2014-11-23 00:24:59',17,'mapsmayprovideanswer',NULL),(195,'2014-11-23 00:25:15',17,'mapsmayprovideananswer',NULL),(196,'2014-11-23 00:28:13',17,'mapsmayprovideanswers',14),(197,'2014-11-23 00:35:57',25,'onlyuseflagonce',18),(198,'2014-11-23 00:37:00',6,'sorteddataorsunshinebeaches',12),(199,'2014-11-23 00:47:10',12,'evalisevilevenwithsandboxes',20),(200,'2014-11-23 00:47:39',17,'theflaghasnodata',NULL),(201,'2014-11-23 00:47:51',17,'theflaghasnocomments',NULL),(202,'2014-11-23 00:48:47',17,'theflagisgoodnodatahascomments',NULL),(203,'2014-11-23 00:51:36',17,'thedataisgoodtheflaghasnocomments',NULL),(204,'2014-11-23 00:56:03',25,'sealsseemuseless',11),(205,'2014-11-23 01:08:38',11,'',NULL),(206,'2014-11-23 01:08:59',11,'sealsseemuseless',11),(207,'2014-11-23 01:09:17',9,'commentsnodatahas',NULL),(208,'2014-11-23 01:09:37',9,'nodatahascomments',NULL),(209,'2014-11-23 01:10:25',6,'onlythefirstexploitworks',7),(210,'2014-11-23 01:11:15',25,'reeallyfarpinsarethemostimportant',NULL),(211,'2014-11-23 01:11:56',25,'reallyffarpinsarethemostimportant',NULL),(212,'2014-11-23 01:13:47',6,'nodatahasgoodcomments',NULL),(213,'2014-11-23 01:14:40',25,'reallyfarpinsarethemostimportant',17),(214,'2014-11-23 01:15:08',9,'theflagcommentsnodatahas',NULL),(215,'2014-11-23 01:22:53',3,'smalldiffsunderlightprovidedata',16),(216,'2014-11-23 01:23:38',5,'sealsseemuseless',11),(217,'2014-11-23 01:24:38',3,'reallyfourpinsarethemostimportant',NULL),(218,'2014-11-23 01:25:48',3,'reallyfourpinsaremostimportant',NULL),(219,'2014-11-23 01:28:39',3,'sealsseemuseless',11),(220,'2014-11-23 01:30:34',12,'thelightsidegoodnightstarsnesmals',NULL),(221,'2014-11-23 01:37:16',12,'lamsensratsthgindoogedisthgileht',NULL),(222,'2014-11-23 01:38:08',12,'goodnightstars',NULL),(223,'2014-11-23 01:40:07',8,'jla',NULL),(224,'2014-11-23 01:40:36',8,'sorteddataorsunshinebeaches',12),(225,'2014-11-23 01:52:02',15,'letsjustallusecarrierpigeons',22),(226,'2014-11-23 01:59:42',6,'mayprovideanswerspam',NULL),(227,'2014-11-23 02:01:08',17,'extradatarevealsnothing',8),(228,'2014-11-23 02:04:32',6,'mayprovideanswermaps',NULL),(229,'2014-11-23 02:05:33',12,'reallyfarpinsarethemostimportant',17),(230,'2014-11-23 02:05:57',25,'waysarebetterthan',4),(231,'2014-11-23 02:08:01',17,'enigmaisquiteanenigmalikekryptos',24),(232,'2014-11-23 02:09:25',27,'waysarebetterthan',4),(233,'2014-11-23 02:16:09',5,'waysarebetter',NULL),(234,'2014-11-23 02:17:23',6,'mayprovideanswersmaps',NULL),(235,'2014-11-23 02:17:56',6,'mayprovideanswers',NULL),(236,'2014-11-23 02:18:47',9,'timbertampertemper',15),(237,'2014-11-23 02:22:06',6,'mapsmayprovideanswers',14),(238,'2014-11-23 02:22:52',9,'reallyforpinsarethemostimportant',NULL),(239,'2014-11-23 02:23:16',9,'reallyfarpinsarethemostimportant',17),(240,'2014-11-23 02:26:29',6,'nogooddatahascomments',NULL),(241,'2014-11-23 02:26:49',17,'beginwiththebeatofthesystem',2),(242,'2014-11-23 02:29:52',5,'timbertampertemper',15),(243,'2014-11-23 02:30:37',25,'timbertampertemper',15),(244,'2014-11-23 02:36:49',19,'waysarebetterthan',4),(245,'2014-11-23 02:38:16',3,'theflagisgood',NULL),(246,'2014-11-23 02:39:10',19,'smalldiffs',NULL),(247,'2014-11-23 02:39:56',27,'timbertampertemper',15),(248,'2014-11-23 02:40:22',9,'sealsseemuseless',11),(249,'2014-11-23 02:40:49',19,'smalldiffsunderlightprovidedata',16),(250,'2014-11-23 02:53:23',27,'sealsseemuseless',11),(251,'2014-11-23 02:54:44',6,'datahasnocomments',NULL),(252,'2014-11-23 02:56:42',6,'datahasnogoodcomments',NULL),(253,'2014-11-23 02:57:41',6,'gooddatahasnocomments',25),(254,'2014-11-23 03:03:31',17,'thedatahasnocommentstheflagisgood',NULL),(255,'2014-11-23 03:03:54',17,'theflaghasnocommentsthedataisgood',NULL),(256,'2014-11-23 03:05:55',8,'waysarebetterthan',4),(257,'2014-11-23 03:09:15',9,'waysarebetterthan',4),(258,'2014-11-23 03:09:42',2,'extradatarevealsnothing',8),(259,'2014-11-23 03:11:50',5,'waysarebetterthan',4),(260,'2014-11-23 03:15:29',8,'timbertampertemper',15),(261,'2014-11-23 03:18:02',6,'extradatarevealsnothing',8),(262,'2014-11-23 03:26:36',17,'therebestringsinthisbinary',6),(263,'2014-11-23 03:31:57',15,'extradatarevealsnothing',8),(264,'2014-11-23 03:35:53',17,'alwaysrollyourowncrypto',9),(265,'2014-11-23 03:45:27',15,'therebestringsinthisbinary',6),(266,'2014-11-23 03:54:13',27,'smalldiffsunderlightprovidedata',16),(267,'2014-11-23 03:54:38',15,'alwaysrollyourowncrypto',9),(268,'2014-11-23 03:55:07',20,'evalisevilevenwithsandboxes',20),(269,'2014-11-23 03:59:48',17,'hereissomethingbetterthanxs',23),(270,'2014-11-23 04:01:36',8,'sealsseemuseless',11),(271,'2014-11-23 04:02:42',17,'hereissomethingbetterthanx',NULL),(272,'2014-11-23 04:03:42',6,'therebestringsinthisbinary',6),(273,'2014-11-23 04:08:09',18,'smalldiffsunderlightprovidedata',16),(274,'2014-11-23 04:28:57',18,'waysarebetterthan',4),(275,'2014-11-23 04:50:47',12,'waysavebette',NULL),(276,'2014-11-23 04:51:16',12,'waysarebetter',NULL),(277,'2014-11-23 05:04:58',18,'goodistheflagcommentsnodatahas',NULL),(278,'2014-11-23 05:11:10',18,'sorteddataorsunshinebackers',NULL),(279,'2014-11-23 05:12:59',12,'waysarebetterthan',4),(280,'2014-11-23 05:23:55',18,'sorteddataorsunshinebacked',NULL),(281,'2014-11-23 05:25:52',17,'datahasnocomments',NULL),(282,'2014-11-23 05:26:33',17,'gooddatahasnocomments',25),(283,'2014-11-23 05:29:06',2,'onlythefirstexploitworks',7),(284,'2014-11-23 05:33:36',2,'injectionsaregreatvaccines',13),(285,'2014-11-23 05:36:26',17,'thefirstexploitworks',NULL),(286,'2014-11-23 05:40:18',9,'evallsevilevenwithsandboxes',NULL),(287,'2014-11-23 05:40:39',9,'evalsevilevenwithsandboxes',NULL),(288,'2014-11-23 05:43:52',9,'therebestringsinthisbinary',6),(289,'2014-11-23 06:13:12',18,'extradatarevealsnothing',8),(290,'2014-11-23 06:16:53',17,'carefulrotationresultsinwords',10),(291,'2014-11-23 06:33:41',26,'notaflag',29),(292,'2014-11-23 06:52:19',9,'enigmaisquiteanenigmalikekryptos',24),(293,'2014-11-23 06:53:44',26,'sorteddataorsunshinebeaches',12),(294,'2014-11-23 07:37:38',26,'injectionsaregreatvaccines',13),(295,'2014-11-23 07:41:00',15,'injectionsaregreatvaccines',13),(296,'2014-11-23 07:59:55',9,'hereissomethingbetterthanxs',23),(297,'2014-11-23 08:24:26',26,'carefulrotationsresultinanswers',NULL),(298,'2014-11-23 08:25:02',26,'carefulrotationsresultinwords',NULL),(299,'2014-11-23 08:25:37',26,'carefulrotationsresultsinwords',NULL),(300,'2014-11-23 08:26:02',26,'carefulrotationresultsinwords',10),(301,'2014-11-23 08:38:58',9,'smalldiffsunderlightprovidedata',16),(302,'2014-11-23 08:57:42',9,'mapsmayprovideanswers',14),(303,'2014-11-23 09:16:00',6,'slldiffdderlifprviffa',NULL),(304,'2014-11-23 09:36:52',6,'smalldifferenceprovidedata',NULL),(305,'2014-11-23 09:44:41',15,'goodistheflag',NULL),(306,'2014-11-23 09:44:49',15,'goodyistheflag',NULL),(307,'2014-11-23 09:56:26',6,'smalldiffsunderlightprovidedata',16),(308,'2014-11-23 10:31:35',15,'carefulrotationresultsinwords',10),(309,'2014-11-23 10:36:03',6,'injectionsaregreatvaccines',13),(310,'2014-11-23 10:52:54',8,'onlyuseflagonce',18),(311,'2014-11-23 11:39:35',6,'carefulrotationresultsinwords',10),(312,'2014-11-23 12:48:23',26,'sunscorona',NULL),(313,'2014-11-23 13:00:48',26,'extradatarevealsnothing',8),(314,'2014-11-23 14:30:25',6,'onlyuseflagonce',18),(315,'2014-11-23 14:36:03',21,'evalisevilevenwithsandboxes',20),(316,'2014-11-23 15:21:18',2,'carefulrotaionresultsinwords',NULL),(317,'2014-11-23 15:21:38',2,'carefulrotationresultsinwords',10),(318,'2014-11-23 15:23:45',11,'therebestringsinthisbinary',6),(319,'2014-11-23 15:26:49',11,'reallyfarpinsarethemostimportant',17),(320,'2014-11-23 15:29:10',21,'theflagisgood',NULL),(321,'2014-11-23 15:29:37',21,'goodistheflag',NULL),(322,'2014-11-23 15:46:27',25,'carefulrotationresultsinwords',10),(323,'2014-11-23 15:48:19',26,'isasrandomasseconds',19),(324,'2014-11-23 15:49:12',2,'isasrandomasseconds',19),(325,'2014-11-23 15:54:53',17,'isasrandomasseconds',19),(326,'2014-11-23 15:57:44',21,'isgood',NULL),(327,'2014-11-23 15:58:04',21,'goodis',NULL),(328,'2014-11-23 15:58:39',15,'enigmaisquiteanenigmalke',NULL),(329,'2014-11-23 15:58:51',15,'enigmaisquiteanenigmalikekryptos',24),(330,'2014-11-23 16:05:05',17,'onepadtofindthem',NULL),(331,'2014-11-23 16:05:37',15,'isasrandomasseconds',19),(332,'2014-11-23 16:11:50',17,'onlyuseflagonetime',NULL),(333,'2014-11-23 16:11:57',17,'onlyuseflagonce',18),(334,'2014-11-23 16:15:12',15,'theflag',NULL),(335,'2014-11-23 16:15:16',15,'',NULL),(336,'2014-11-23 16:16:25',15,'sogoodistheflag',NULL),(337,'2014-11-23 16:16:33',15,'sogoodyistheflag',NULL),(338,'2014-11-23 16:23:07',20,'isasrandomasseconds',19),(339,'2014-11-23 16:26:35',11,'mayprovideanswers',NULL),(340,'2014-11-23 16:27:18',11,'mayprovideanswer',NULL),(341,'2014-11-23 16:27:55',21,'gooddatahasnocomments',25),(342,'2014-11-23 16:28:10',9,'nodatahasgoodcomments',NULL),(343,'2014-11-23 16:29:04',11,'mapsmayprovideanswers',14),(344,'2014-11-23 16:29:23',9,'datahasnogoodcomments',NULL),(345,'2014-11-23 16:32:32',9,'gooddatahasnocomments',25),(346,'2014-11-23 16:39:08',18,'extradatarevealsn',NULL),(347,'2014-11-23 16:40:17',18,'goodistheflagwithdatanocommentshas',NULL),(348,'2014-11-23 16:40:45',15,'flaghasnodata',NULL),(349,'2014-11-23 16:40:55',15,'theflaghasnodata',NULL),(350,'2014-11-23 16:41:05',15,'flagcommentsnodatahas',NULL),(351,'2014-11-23 16:41:22',15,'nodatahastheflagcomments',NULL),(352,'2014-11-23 16:41:52',15,'nodatahascomments',NULL),(353,'2014-11-23 16:42:16',21,'waysarebetterthan',4),(354,'2014-11-23 16:43:12',6,'isasrandomasseconds',19),(355,'2014-11-23 16:45:37',17,'sorteddataorsunshinebeaches',12),(356,'2014-11-23 16:48:46',20,'carefulrotationresultsinwords',10),(357,'2014-11-23 16:49:00',15,'goodcommentshasnodata',NULL),(358,'2014-11-23 16:49:12',15,'gooddatahasnocomments',25),(359,'2014-11-23 16:52:20',25,'bsgbs',27),(360,'2014-11-23 16:52:43',17,'bsobs',28),(361,'2014-11-23 16:56:29',15,'hereissomethingbetterthanx',NULL),(362,'2014-11-23 16:57:03',15,'hereissomethingbetterthanxs',23),(363,'2014-11-23 16:59:30',11,'sorteddataorsunshinebeaches',12);
/*!40000 ALTER TABLE `submissions` ENABLE KEYS */;
UNLOCK TABLES;

--
-- Table structure for table `teams`
--

DROP TABLE IF EXISTS `teams`;
/*!40101 SET @saved_cs_client     = @@character_set_client */;
/*!40101 SET character_set_client = utf8 */;
CREATE TABLE `teams` (
  `id` int(11) NOT NULL AUTO_INCREMENT,
  `name` varchar(256) DEFAULT NULL,
  `username` varchar(256) DEFAULT NULL,
  `password` varchar(256) DEFAULT NULL,
  PRIMARY KEY (`id`),
  UNIQUE KEY `name` (`name`),
  UNIQUE KEY `username` (`username`)
) ENGINE=InnoDB AUTO_INCREMENT=28 DEFAULT CHARSET=latin1;
/*!40101 SET character_set_client = @saved_cs_client */;

--
-- Dumping data for table `teams`
--

LOCK TABLES `teams` WRITE;
/*!40000 ALTER TABLE `teams` DISABLE KEYS */;
INSERT INTO `teams` VALUES (1,'SpaSec','spasec','LHLFZV7V'),(2,'⌊π⌋','floorpi','UIWPFHZ1'),(3,'The Chmod Squad','chmodsqd','JB3OD3DJ'),(4,'Jess','jess','KAEWWUO3'),(5,'DavWilNatWin','davwilnw','4RWFY8JJ'),(6,'Cryptal','cryptal','OK9TL0NW'),(7,'BU-Bravo','bu_bravo','YGFWSIKU'),(8,'Sentry','sentry','DOCRMBVI'),(9,'insert_name_here.txt','insnamhr','2T9XAH6S'),(10,'DremTem','dremtem','O77KK1DS'),(11,'The Marauders','marauder','GGCNXTEI'),(12,'BU-Delta','bu_delta','POIBDJWE'),(13,'BU-Charlie','bu_charl','I2NTIL3Y'),(14,'BU-Alpha','bu_alpha','TWK0MMP4'),(15,'kumquatz','kumquatz','LMLDCMUN'),(16,'Chihuahua','fruitwlf','ZUW5UNPB'),(17,'Nina NIna Nina','ninanina','XCMDIBIT'),(18,'CheesyChester','chzchstr','5HVWSFMA'),(19,'Cache Cats','cachcats','JJGIESWP'),(20,'Senioritis','senritis','GSKIIDZK'),(21,'Y2F0IC9ldGMvcGFzc3dkCg','etcpassw','WWUGN6XV'),(22,'Pun Dits and Dots','pundandd','NNRFQCDE'),(23,'Slug','slug','IJJNIGWJ'),(24,'DEFCON 1','defcon1','5CKIOOCM'),(25,'BUILDS1','builds1','KHAFP1TV'),(26,'BUILDS2','builds2','1XD10ET1'),(27,'Industrial Space Monkeys','babyduck','CFTCCO7T');
/*!40000 ALTER TABLE `teams` ENABLE KEYS */;
UNLOCK TABLES;
/*!40103 SET TIME_ZONE=@OLD_TIME_ZONE */;

/*!40101 SET SQL_MODE=@OLD_SQL_MODE */;
/*!40014 SET FOREIGN_KEY_CHECKS=@OLD_FOREIGN_KEY_CHECKS */;
/*!40014 SET UNIQUE_CHECKS=@OLD_UNIQUE_CHECKS */;
/*!40101 SET CHARACTER_SET_CLIENT=@OLD_CHARACTER_SET_CLIENT */;
/*!40101 SET CHARACTER_SET_RESULTS=@OLD_CHARACTER_SET_RESULTS */;
/*!40101 SET COLLATION_CONNECTION=@OLD_COLLATION_CONNECTION */;
/*!40111 SET SQL_NOTES=@OLD_SQL_NOTES */;

-- Dump completed on 2014-11-29 14:49:01
